[
  {
    "TemplateMethodFullName": "C:\\ProgramData\\Thermo\\GH\\Templates\\LC\\SII-15min-basic-nd.meth",
    "TemplateMethodNameNoExt": "SII-15min-basic-nd",
    "Description": "SII 15min Basic",
    "MethodDurationTime": 15,
    "ApplicationName": "",
    "MsMethodMinVersion": "",
    "LcMethodMinVersion": "1.5.0",
    "MsTemplateMethodFileVersion": "",
    "LcTemplateMethodFileVersion": "1.0",
    "CRC": 2526733892,
    "InstMethodType": "LC",
    "MethodRun": "Basic",
    "CardModel": "Targeted Quan",
    "MsFamily": " ",
    "MsModel": "Unknown",
    "LcDriverId": "GatesheadLC",
    "ColumnDimension": " ",
    "LcFlowRegime": "Nano",
    "LcType": "Basic",
    "LcInjectionWorkflow": "DirectInjection"
  },
  {
    "TemplateMethodFullName": "C:\\ProgramData\\Thermo\\GH\\Templates\\LC\\SII-15min-Tandem-nd.meth",
    "TemplateMethodNameNoExt": "SII-15min-Tandem-nd",
    "Description": "SII 15min Tandem",
    "MethodDurationTime": 15,
    "ApplicationName": "",
    "MsMethodMinVersion": "",
    "LcMethodMinVersion": "1.5.0",
    "MsTemplateMethodFileVersion": "",
    "LcTemplateMethodFileVersion": "1.0",
    "CRC": 2526733892,
    "InstMethodType": "LC",
    "MethodRun": "Basic",
    "CardModel": "Targeted Quan",
    "MsFamily": " ",
    "MsModel": "Unknown",
    "LcDriverId": "GatesheadLC",
    "ColumnDimension": " ",
    "LcFlowRegime": "Nano",
    "LcType": "Tandem",
    "LcInjectionWorkflow": "DirectInjection"
  },
  {
    "TemplateMethodFullName": "C:\\ProgramData\\Thermo\\GH\\Templates\\LC\\SII-50min-basic-nd.meth",
    "TemplateMethodNameNoExt": "SII-50min-basic-nd",
    "Description": "SII 50min Basic",
    "MethodDurationTime": 50,
    "ApplicationName": "",
    "MsMethodMinVersion": "",
    "LcMethodMinVersion": "1.5.0",
    "MsTemplateMethodFileVersion": "",
    "LcTemplateMethodFileVersion": "1.0",
    "CRC": 483933690,
    "InstMethodType": "LC",
    "MethodRun": "Basic",
    "CardModel": "Targeted Quan",
    "MsFamily": " ",
    "MsModel": "Unknown",
    "LcDriverId": "GatesheadLC",
    "ColumnDimension": " ",
    "LcFlowRegime": "Nano",
    "LcType": "Basic",
    "LcInjectionWorkflow": "DirectInjection"
  },
  {
    "TemplateMethodFullName": "C:\\ProgramData\\Thermo\\GH\\Templates\\LC\\SII-20min-Tandem-nd.meth",
    "TemplateMethodNameNoExt": "SII-20min-Tandem-nd",
    "Description": "SII 20min Tandem",
    "MethodDurationTime": 20,
    "ApplicationName": "",
    "MsMethodMinVersion": "",
    "LcMethodMinVersion": "1.5.0",
    "MsTemplateMethodFileVersion": "",
    "LcTemplateMethodFileVersion": "1.0",
    "CRC": 2293319065,
    "InstMethodType": "LC",
    "MethodRun": "Tandem",
    "CardModel": "Targeted Quan",
    "MsFamily": " ",
    "MsModel": "Unknown",
    "LcDriverId": "GatesheadLC",
    "ColumnDimension": " ",
    "LcFlowRegime": "Nano",
    "LcType": "Tandem",
    "LcInjectionWorkflow": "DirectInjection"
  },
  {
    "ApplicationName": "Target Quant",
    "Description": "LC template for TargetQuan B DI",
    "CRC": 185527283,
    "TemplateMethodFullName": "C:\\GH\\MethodManagement\\GHTemplateMethods\\LC\\TargetQuan_250um_Basic_DI_RSLCNano_20min.meth",
    "TemplateMethodNameNoExt": "TargetQuan_250um_Basic_DI_RSLCNano_20min",
    "MethodDurationTime": 20,
    "MsMethodMinVersion": "",
    "MsTemplateMethodFileVersion": "",
    "LcMethodMinVersion": "1.5",
    "LcTemplateMethodFileVersion": "1.0",
    "InstMethodType": "LC",
    "MethodRun": "Basic",
    "CardModel": "Targeted Quan",
    "MsFamily": " ",
    "MsModel": "Unknown",
    "LcDriverId": "GatesheadLC",
    "ColumnDimension": " ",
    "LcFlowRegime": "Nano",
    "LcType": "Basic",
    "LcInjectionWorkflow": "DirectInjection"
  },
  {
    "ApplicationName": "Target Quant",
    "Description": "LC template for targetquant 500um B DI",
    "CRC": 2736895160,
    "TemplateMethodFullName": "C:\\GH\\MethodManagement\\GHTemplateMethods\\LC\\TargetQuan_500um_Basic_DI_RSLCNano_20min.meth",
    "TemplateMethodNameNoExt": "TargetQuan_500um_Basic_DI_RSLCNano_20min",
    "MethodDurationTime": 20,
    "MsMethodMinVersion": "",
    "MsTemplateMethodFileVersion": "",
    "LcMethodMinVersion": "1.5",
    "LcTemplateMethodFileVersion": "1.0",
    "InstMethodType": "LC",
    "MethodRun": "Basic",
    "CardModel": "Targeted Quan",
    "MsFamily": " ",
    "MsModel": "Unknown",
    "LcDriverId": "GatesheadLC",
    "ColumnDimension": "",
    "LcFlowRegime": "Nano",
    "LcType": "Basic",
    "LcInjectionWorkflow": "DirectInjection"
  },
  {
    "ApplicationName": "Target Quant",
    "Description": "LC template for targetquant Tandem DI",
    "CRC": 755577553,
    "TemplateMethodFullName": "C:\\GH\\MethodManagement\\GHTemplateMethods\\LC\\TargetQuant_75um15cm_Tandem_DI_RSLCNano_48min.meth",
    "TemplateMethodNameNoExt": "TargetQuant_75um15cm_Tandem_DI_RSLCNano_48min",
    "MethodDurationTime": 48,
    "MsMethodMinVersion": "",
    "MsTemplateMethodFileVersion": "",
    "LcMethodMinVersion": "1.5",
    "LcTemplateMethodFileVersion": "1.0",
    "InstMethodType": "LC",
    "MethodRun": "Tandem",
    "CardModel": "Targeted Quan",
    "MsFamily": "",
    "MsModel": "Unknown",
    "LcDriverId": "GatesheadLC",
    "ColumnDimension": "",
    "LcFlowRegime": "Nano",
    "LcType": "Tandem",
    "LcInjectionWorkflow": "DirectInjection"
  },
  {
    "TemplateMethodFullName": "C:\\Users\\reshma.subramaniam\\OneDrive - Thermo Fisher Scientific\\Desktop\\split methods\\LCEclipse10min.meth",
    "TemplateMethodNameNoExt": "LCEclipse10min",
    "ApplicationName": "Target Quant",
    "Description": "LC Eclipse 10 min",
    "InstMethodType": "LC",
    "MethodRun": "Basic",
    "MethodDurationTime": 10,
    "CardModel": "Targeted Quan",
    "CRC": "404595008",
    "DisplayName": "75 um x 15 cm, PepMap, 2.x um",
    "MsMethodMinVersion": "",
    "MsTemplateMethodFileVersion": "",
    "MsFamily": "",
    "MsModel": "",
    "ColumnDimension": "Omics-2 75um x 50cm",
    "LcDriverId": "GatesheadLC",
    "LcMethodMinVersion": "1.5",
    "LcTemplateMethodFileVersion": "1.0",
    "LcFlowRegime": "NanoCap",
    "LcType": "Basic",
    "LcInjectionWorkflow": "DirectInjection"
  },
  {
    "TemplateMethodFullName": "C:\\Users\\reshma.subramaniam\\OneDrive - Thermo Fisher Scientific\\Desktop\\split methods\\LCEclipse20min.meth",
    "TemplateMethodNameNoExt": "LCEclipse20min",
    "ApplicationName": "Target Quant",
    "Description": "LC Eclipse 20 min",
    "InstMethodType": "LC",
    "MethodRun": "Basic",
    "MethodDurationTime": 20,
    "CardModel": "Targeted Quan",
    "CRC": "2865651456",
    "DisplayName": "75 um x 15 cm, PepMap, 2.x um",
    "MsMethodMinVersion": "",
    "MsTemplateMethodFileVersion": "",
    "MsFamily": "",
    "MsModel": "",
    "ColumnDimension": "Omics-2 75um x 50cm",
    "LcDriverId": "GatesheadLC",
    "LcMethodMinVersion": "1.5.0",
    "LcTemplateMethodFileVersion": "1.0",
    "LcFlowRegime": "NanoCap",
    "LcType": "Basic",
    "LcInjectionWorkflow": "DirectInjection"
  }
]