[
  {
    "TemplateMethodFullName": "C:\\ProgramData\\Thermo\\GH\\Templates\\MS\\MsTsq-15min-Cal.meth",
    "TemplateMethodNameNoExt": "MsTsq-15min-Cal",
    "Description": "",
    "MethodDurationTime": 15,
    "ApplicationName": "",
    "MsMethodMinVersion": "3.4.1",
    "LcMethodMinVersion": "",
    "MsTemplateMethodFileVersion": "1.0",
    "LcTemplateMethodFileVersion": "",
    "CRC": 3846446892,
    "InstMethodType": "MS",
    "MethodRun": "Basic",
    "CardModel": "Targeted Quan",
    "MsFamily": "Calcium",
    "MsModel": "Orbitrap Fusion",
    "LcDriverId": " ",
    "ColumnDimension": "Omics-2 75um x 50cm",
    "LcFlowRegime": "",
    "LcType": "",
    "LcInjectionWorkflow": ""
  },
  {
    "TemplateMethodFullName": "C:\\ProgramData\\Thermo\\GH\\Templates\\MS\\MsTsq-15min-Cal-v2.meth",
    "TemplateMethodNameNoExt": "MsTsq-15min-Cal-v2",
    "Description": "",
    "MethodDurationTime": 15,
    "ApplicationName": "",
    "MsMethodMinVersion": "3.4.1",
    "LcMethodMinVersion": "",
    "MsTemplateMethodFileVersion": "2.0",
    "LcTemplateMethodFileVersion": "",
    "CRC": 3846446892,
    "InstMethodType": "MS",
    "MethodRun": "Basic",
    "CardModel": "Targeted Quan",
    "MsFamily": "Calcium",
    "MsModel": "Orbitrap Fusion",
    "LcDriverId": " ",
    "ColumnDimension": "Omics-2 75um x 50cm",
    "LcFlowRegime": "",
    "LcType": "",
    "LcInjectionWorkflow": ""
  },
  {
    "TemplateMethodFullName": "C:\\ProgramData\\Thermo\\GH\\Templates\\MS\\MsTsq-20min-T-Cal.meth",
    "TemplateMethodNameNoExt": "MsTsq-20min-T-Cal",
    "Description": "",
    "MethodDurationTime": 20,
    "ApplicationName": "",
    "MsMethodMinVersion": "3.4.1",
    "LcMethodMinVersion": "",
    "MsTemplateMethodFileVersion": "1.0",
    "LcTemplateMethodFileVersion": "",
    "CRC": 1846711863,
    "InstMethodType": "MS",
    "MethodRun": "Tandem",
    "CardModel": "Targeted Quan",
    "MsFamily": "Calcium",
    "MsModel": "Orbitrap Fusion",
    "LcDriverId": "",
    "ColumnDimension": "Omics-2 75um x 50cm",
    "LcFlowRegime": "",
    "LcType": "",
    "LcInjectionWorkflow": ""
  },
  {
    "TemplateMethodFullName": "C:\\ProgramData\\Thermo\\GH\\Templates\\MS\\MsTsq-20min-T-Cal-v2.meth",
    "TemplateMethodNameNoExt": "MsTsq-20min-T-Cal-v2",
    "Description": "",
    "MethodDurationTime": 20,
    "ApplicationName": "",
    "MsMethodMinVersion": "3.4.1",
    "LcMethodMinVersion": "",
    "MsTemplateMethodFileVersion": "2.0",
    "LcTemplateMethodFileVersion": "",
    "CRC": 1846711863,
    "InstMethodType": "MS",
    "MethodRun": "Tandem",
    "CardModel": "Targeted Quan",
    "MsFamily": "Calcium",
    "MsModel": "Orbitrap Fusion",
    "LcDriverId": "",
    "ColumnDimension": "Omics-2 75um x 50cm",
    "LcFlowRegime": "",
    "LcType": "",
    "LcInjectionWorkflow": ""
  },
  {
    "TemplateMethodFullName": "C:\\ProgramData\\Thermo\\GH\\Templates\\MS\\MsTsq-50min-Cal.meth",
    "TemplateMethodNameNoExt": "MsTsq-50min-Cal",
    "Description": "",
    "MethodDurationTime": 50,
    "ApplicationName": "",
    "MsMethodMinVersion": "3.4.1",
    "LcMethodMinVersion": "",
    "MsTemplateMethodFileVersion": "1.0",
    "LcTemplateMethodFileVersion": "",
    "CRC": 2375392734,
    "InstMethodType": "MS",
    "MethodRun": "Basic",
    "CardModel": "Targeted Quan",
    "MsFamily": "Calcium",
    "MsModel": "Orbitrap Fusion",
    "LcDriverId": " ",
    "ColumnDimension": "Omics-2 75um x 50cm",
    "LcFlowRegime": "",
    "LcType": "",
    "LcInjectionWorkflow": ""
  },
  {
    "ApplicationName": "Target Quant",
    "Description": "MS template for target quant",
    "CRC": 1420860249,
    "TemplateMethodFullName": "C:\\GH\\MethodManagement\\GHTemplateMethods\\MS\\TargetQuan_250um_Basic_DI_Endura_HESI_20min.meth",
    "TemplateMethodNameNoExt": "TargetQuan_250um_Basic_DI_Endura_HESI_20min",
    "MethodDurationTime": 20,
    "MsMethodMinVersion": "3.4",
    "MsTemplateMethodFileVersion": "1.0",
    "LcMethodMinVersion": "",
    "LcTemplateMethodFileVersion": "",
    "InstMethodType": "MS",
    "MethodRun": "Basic",
    "CardModel": "Targeted Quan",
    "MsFamily": "Hyperion",
    "MsModel": "TSQ Endura",
    "LcDriverId": "",
    "ColumnDimension": "Omics-2 75um x 50cm",
    "LcFlowRegime": "",
    "LcType": "",
    "LcInjectionWorkflow": ""
  },
  {
    "ApplicationName": "Target Quant",
    "Description": "MS template for 500um TargetQuant",
    "CRC": 2775558992,
    "TemplateMethodFullName": "C:\\GH\\MethodManagement\\GHTemplateMethods\\MS\\TargetQuan_500um_Basic_DI_Endura_HESI_20min.meth",
    "TemplateMethodNameNoExt": "TargetQuan_500um_Basic_DI_Endura_HESI_20min",
    "MethodDurationTime": 20,
    "MsMethodMinVersion": "3.4",
    "MsTemplateMethodFileVersion": "1.0",
    "LcMethodMinVersion": "",
    "LcTemplateMethodFileVersion": "",
    "InstMethodType": "MS",
    "MethodRun": "Basic",
    "CardModel": "Targeted Quan",
    "MsFamily": "Calcium",
    "MsModel": "TSQ Endura",
    "LcDriverId": "",
    "ColumnDimension": "Omics-2 75um x 50cm",
    "LcFlowRegime": "",
    "LcType": "",
    "LcInjectionWorkflow": ""
  },
  {
    "ApplicationName": "Target Quant",
    "Description": "MS template for targetQuan tandem PC",
    "CRC": 2651115522,
    "TemplateMethodFullName": "C:\\GH\\MethodManagement\\GHTemplateMethods\\MS\\TargetQuant_7x5_Tandem_PC_Endura_HESI_10min.meth",
    "TemplateMethodNameNoExt": "TargetQuant_7x5_Tandem_PC_Endura_HESI_10min",
    "MethodDurationTime": 10,
    "MsMethodMinVersion": "3.4",
    "MsTemplateMethodFileVersion": "1.0",
    "LcMethodMinVersion": "",
    "LcTemplateMethodFileVersion": "",
    "InstMethodType": "MS",
    "MethodRun": "Tandem",
    "CardModel": "Targeted Quan",
    "MsFamily": "Calcium",
    "MsModel": "TSQ Endura",
    "LcDriverId": "",
    "ColumnDimension": "Omics-2 75um x 50cm",
    "LcFlowRegime": "",
    "LcType": "",
    "LcInjectionWorkflow": ""
  },
  {
    "ApplicationName": "Target Quant",
    "Description": "MS template for target Quant tandem DI",
    "CRC": 3683772012,
    "TemplateMethodFullName": "C:\\GH\\MethodManagement\\GHTemplateMethods\\MS\\TargetQuant_75um15cm_Tandem_DI_Endura_HESI_48min.meth",
    "TemplateMethodNameNoExt": "TargetQuant_75um15cm_Tandem_DI_Endura_HESI_48min",
    "MethodDurationTime": 48,
    "MsMethodMinVersion": "3.4",
    "MsTemplateMethodFileVersion": "1.0",
    "LcMethodMinVersion": "",
    "LcTemplateMethodFileVersion": "",
    "InstMethodType": "MS",
    "MethodRun": "Tandem",
    "CardModel": "Targeted Quan",
    "MsFamily": "Calcium",
    "MsModel": "TSQ Endura",
    "LcDriverId": "",
    "ColumnDimension": "Omics-2 75um x 50cm",
    "LcFlowRegime": "",
    "LcType": "",
    "LcInjectionWorkflow": ""
  },
  {
    "TemplateMethodFullName": "C:\\Users\\reshma.subramaniam\\OneDrive - Thermo Fisher Scientific\\Desktop\\split methods\\MSEclipse10min.meth",
    "TemplateMethodNameNoExt": "MSEclipse10min",
    "ApplicationName": "Eclipse",
    "Description": "MS Eclipse 10 min",
    "InstMethodType": "MS",
    "MethodRun": "Basic",
    "MethodDurationTime": 10,
    "CardModel": "Targeted Quan",
    "CRC": "2198460293",
    "DisplayName": "75 um x 15 cm, PepMap, 2.x um",
    "MsMethodMinVersion": "3.4.1",
    "MsTemplateMethodFileVersion": "1.0",
    "MsFamily": "Calcium",
    "MsModel": "Orbitrap Eclipse",
    "ColumnDimension": "Omics-2 75um x 50cm",
    "LcDriverId": "",
    "LcMethodMinVersion": "",
    "LcTemplateMethodFileVersion": "",
    "LcFlowRegime": "",
    "LcType": "",
    "LcInjectionWorkflow": ""
  },
  {
    "TemplateMethodFullName": "C:\\Users\\reshma.subramaniam\\OneDrive - Thermo Fisher Scientific\\Desktop\\split methods\\MSEclipse20min.meth",
    "TemplateMethodNameNoExt": "MSEclipse20min",
    "ApplicationName": "Eclipse",
    "Description": "MS Eclipse 20 min",
    "InstMethodType": "MS",
    "MethodRun": "Basic",
    "MethodDurationTime": 20,
    "CardModel": "Targeted Quan",
    "CRC": "3702172160",
    "DisplayName": "75 um x 15 cm, PepMap, 2.x um",
    "MsMethodMinVersion": "3.4.1",
    "MsTemplateMethodFileVersion": "1.0",
    "MsFamily": "Calcium",
    "MsModel": "Orbitrap Eclipse",
    "ColumnDimension": "Omics-2 75um x 50cm",
    "LcDriverId": "",
    "LcMethodMinVersion": "",
    "LcTemplateMethodFileVersion": "",
    "LcFlowRegime": "",
    "LcType": "",
    "LcInjectionWorkflow": ""
  }
]